page,type,text,x1,y1,x2,y2,block_type,block_id
0,Title,VILA: Improving Structured Content Extraction from Scientiﬁc PDFs Using Visual Layout Groups,0.1389362416107382,0.0835453156769595,0.8627935006711407,0.1195146743467934,,
0,Author,"Zejiang Shen 1 Kyle Lo 1 Lucy Lu Wang 1 Bailey Kuehl 1 Daniel S. Weld 1 , 2 Doug Downey 1 , 3 1 Allen Institute for AI 2 University of Washington 3 Northwestern University {shannons, kylel, lucyw, baileyk, danw, dougd}@allenai.org",0.1798372483221474,0.1397293342042755,0.8277694630872482,0.2073117603325413,,
0,Abstract,"Abstract Accurately extracting structured content from PDFs is a critical ﬁrst step for NLP over scientiﬁc papers. Recent work has improved extraction accuracy by incorporating elemen- tary layout information, e.g., each token’s 2D position on the page, into language model pretraining. We introduce new methods that explicitly model VIsual LAyout (VILA) groups , i.e., text lines or text blocks, to fur- ther improve performance. In our I-VILA approach, we show that simply inserting spe- cial tokens denoting layout group boundaries into model inputs can lead to a 1.9% Macro F1 improvement in token classiﬁcation. In the H-VILA approach, we show that hierar- chical encoding of layout-groups can result in up-to 47% inference time reduction with less than 0.8% Macro F1 loss. Unlike prior layout-aware approaches, our methods do not require expensive additional pretraining, only ﬁne-tuning, which we show can reduce training cost by up to 95%. Experiments are conducted on a newly curated evalua- tion suite, S2-VLUE, that uniﬁes existing automatically-labeled datasets and includes a new dataset of manual annotations covering diverse papers from 19 scientiﬁc disciplines. Pre-trained weights, benchmark datasets, and source code are available at https: //github.com/allenai/VILA .",0.1564093959731543,0.2447071695961994,0.4554334899328859,0.7043181966745843,,
0,Section,1 Introduction,0.1208053691275167,0.7385135828978622,0.2597544805369127,0.752712157719715,,
0,Paragraph,"Scientiﬁc papers are usually distributed in Portable Document Format (PDF) without extensive seman- tic markup. Extracting structured document repre- sentations from these PDF ﬁles—i.e., identifying title and author blocks, ﬁgures, references, and so on—is a critical ﬁrst step for downstream NLP tasks (Beltagy et al., 2019; Wang et al., 2020) and is important for improving PDF accessibility (Wang et al., 2021).",0.1208053691275167,0.7672437833729215,0.4900736817318792,0.9089339258907364,,
0,Paragraph,"Recent work demonstrates that document layout information can be used to enhance content extrac- tion via large-scale, layout-aware pretraining (Xu et al., 2020, 2021; Li et al., 2021). However, these methods only consider individual tokens’ 2D po- sitions and do not explicitly model high-level lay- out structures like the grouping of text into lines and blocks (see Figure 1 for example), limiting accuracy. Further, existing methods come with enormous computational costs: they rely on fur- ther pretraining an existing pretrained model like BERT (Devlin et al., 2019) on layout-enriched in- put, and achieving the best performance from the models requires more than a thousand (Xu et al., 2020) to several thousand (Xu et al., 2021) GPU- hours. This means swapping in a new pretrained text model or experimenting with new layout-aware architectures can be prohibitively expensive, incom- patible with the goals of green AI (Schwartz et al., 2020).",0.5155637583892617,0.2457806004750594,0.8848309361543626,0.5644778688836104,,
0,Paragraph,"In this paper, we explore how to improve the accuracy and efﬁciency of structured content ex- traction from scientiﬁc documents by using VI sual LA yout (VILA) groups. Following Zhong et al. (2019) and Tkaczyk et al. (2015), our methods use the idea that a document page can be segmented into visual groups of tokens (either lines or blocks), and that the tokens within each group generally have the same semantic category, which we refer to as the group uniformity assumption (see Fig- ure 1(b)). Given text lines or blocks generated by rule-based PDF parsers (Tkaczyk et al., 2015) or vision models (Zhong et al., 2019), we design two different methods to incorporate the VILA groups and the assumption into modeling: the I-VILA model adds layout i ndicator tokens to textual inputs to improve the accuracy of existing BERT-based language models, while the H-VILA model uses VILA structures to deﬁne a h ierarchical model that models pages as collections of groups rather than of individual tokens, increasing inference efﬁciency.",0.5149043624161074,0.5741440209026127,0.8849801524328861,0.9089339258907364,,
0,Paragraph,a r X i v : 2106 . 00676v3 [ c s . C L ] 5 J a n 2022,0.0274161073825503,0.3225534441805226,0.0609731543624161,0.718396674584323,,
1,Paragraph,"Previous datasets for evaluating PDF content extraction rely on machine-generated labels of imperfect quality, and comprise papers from a limited range of scientiﬁc disciplines. To better evaluate our proposed methods, we design a new benchmark suite, Semantic Scholar Visual Layout- enhanced Scientiﬁc Text Understanding Evaluation ( S2-VLUE ). The benchmark extends two existing resources (Tkaczyk et al., 2015; Li et al., 2020) and introduces a newly curated dataset, S2-VL, which contains high-quality human annotations for papers across 19 disciplines.",0.1202013422818791,0.0774516218527315,0.490072986185235,0.2674161111638954,,
1,Paragraph,Our contributions are as follows:,0.1391090604026846,0.271459935391924,0.3792556912751678,0.2844161111638954,,
1,List,"1. We introduce a new strategy for PDF con- tent extraction that uses VILA structures to in- ject layout information into language models, and show that this improves accuracy without the expensive pretraining required by existing methods, and generalizes to different language models. 2. We design two models that incorporate VILA features differently. The I-VILA model injects layout indicator tokens into the input texts and improves prediction accuracy (up to +1.9% Macro F1) and consistency compared to the previous layout-augmented language model LayoutLM (Xu et al., 2020). The H-VILA model performs group-level predictions and can reduce model inference time by 47% with less than 0.8% loss in Macro F1. 3. We construct a uniﬁed benchmark suite S2- VLUE which enhances existing datasets with VILA structures, and introduce a novel dataset S2-VL that addresses gaps in existing re- sources. S2-VL contains hand-annotated gold labels for 15 token categories on papers span- ning 19 disciplines.",0.1353271812080537,0.301834044655582,0.4900736756308726,0.6848994840855108,,
1,Paragraph,"The benchmark datasets, modeling code, and trained weights are available at https:// github.com/allenai/VILA .",0.120238255033557,0.7023162299287412,0.4892226174496643,0.7474564912114013,,
1,Section,2 Related Work,0.1208053691275167,0.7647986185273159,0.2702854872483221,0.7789971933491685,,
1,Section,2.1 Structured Content Extraction for Scientiﬁc Documents,0.1208053691275167,0.7928692421615201,0.4301222833892617,0.8219168668646081,,
1,Paragraph,"Prior work on structured content extraction for scientiﬁc documents usually relies on textual or visual features. Text-based methods like Scien- ceParse (Ammar et al., 2018), GROBID (GRO, 2008–2021) or Corpus Conversion Service (Staar",0.1203473154362416,0.8316107667458433,0.4900680628288592,0.9089339258907364,,
1,Caption,"Figure 1: (a) Real-world scientiﬁc documents often have intricate layout structures, so analyzing only ﬂat- tened raw text forfeits valuable information, yielding sub-optimal results. (b) The complex structures can be broken down into groups (text blocks or lines) that are composed of tokens with the same semantic category.",0.5155637583892617,0.2854029947743468,0.8845617466174498,0.368227935391924,Figure,5.0
1,Paragraph,"et al., 2018) combine PDF-to-text parsing en- gines like CERMINE (Tkaczyk et al., 2015) or pdfalto, 1 which output a sequence of tokens ex- tracted from a PDF, with machine learning models like RNN (Hochreiter and Schmidhuber, 1997), CRF (Lafferty et al., 2001), or Random For- est (Breiman, 2001) trained to classify the to- ken categories of the sequence. Though these models are practical and fairly efﬁcient, they fall short in prediction accuracy or generalize poorly to out-of-domain documents. Vision-based Ap- proaches (Zhong et al., 2019; He et al., 2017; Siegel et al., 2018), on the other hand, treat the parsing task as an image object detection problem: given document images, the models predict rectangular bounding boxes, segmenting the page into indi- vidual components of different categories. These models excel at capturing complex visual layout structures like ﬁgures or tables, but because they operate only on visual signals without textual infor- mation, they cannot accurately predict ﬁne-grained semantic categories like title, author, or abstract, which are of central importance for parsing scien- tiﬁc documents.",0.5149043624161074,0.3945787002375296,0.8848309361543626,0.7776429520190024,,
1,Section,2.2 Layout-aware Language Models,0.5155637583892617,0.791138838361045,0.8091576577181209,0.8040950141330165,,
1,Paragraph,"Recent methods on layout-aware language mod- els improve prediction accuracy by jointly mod- eling documents’ textual and visual signals. Lay- outLM (Xu et al., 2020) learns a set of novel posi-",0.5155637583892617,0.8119848760095011,0.884817757375839,0.8732165862232778,,
1,Footnote,"1 https://github.com/kermitt2/pdfalto (last accessed Jan. 1, 2022).",0.5150671140939598,0.8830303581947744,0.8585728187919464,0.9084355610451306,,
2,Caption,"Figure 2: Comparing inserting indicator tokens [BLK] based on VILA groups and sentence boundaries. Indi- cators representing VILA groups (e.g., text blocks in the left ﬁgure) are usually consistent with the token cat- egory changes (illustrated by the background color in (a)), while sentence boundary indicators fail to provide helpful hints (both ""false positive""s and ""false negative""s occur frequently in (b)). Best viewed in color.",0.120253355704698,0.2153300501187649,0.4898033573557048,0.3273680779097387,Figure,9.0
2,Paragraph,"tional embeddings that can encode tokens’ 2D spa- tial location on the page and improves accuracy on scientiﬁc document parsing (Li et al., 2020). More recent work (Xu et al., 2021; Li et al., 2021) aims to encode the document in a multimodal fashion by modeling text and images together. However, these existing joint-approach models require ex- pensive pretraining, and may be less efﬁcient as a consequence of their joint inputs (Xu et al., 2021), making them less suitable for deployment at scale. In this work, we aim to incorporate document lay- out features in the form of visual layout groupings, in novel ways that improve or match performance without the need for expensive pretraining. Our work is well-aligned with recent efforts for incor- porating structural information into language mod- els (Lee et al., 2020; Bai et al., 2021; Yang et al., 2020; Zhang et al., 2019).",0.1201459731543624,0.3478696741092636,0.4902284408602348,0.634384044655582,,
2,Section,2.3 Training and Evaluation Datasets,0.1208053691275167,0.6491459642517814,0.4243748716442953,0.6621021400237529,,
2,Paragraph,"The available training and evaluation datasets for scientiﬁc content extraction models are automati- cally generated from author-provided source data, e.g. GROTOAP2 (Tkaczyk et al., 2014) and Pub- LayNet (Zhong et al., 2019) are constructed from PubMed Central XML and DocBank (Li et al., 2020) from arXiv LaTeX source. Despite their large sample sizes, these datasets have limited lay- out variation, leading to poor generalization to papers from other disciplines with distinct lay- outs. Also, due to the heuristic nature in which the data are automatically labeled, they contain sys- tematic classiﬁcation errors that can affect down- stream modeling performance. We elaborate on the limitations of GROTOAP2 (Tkaczyk et al., 2014)",0.120238255033557,0.6706939021377671,0.4900728214505034,0.9089339258907364,,
2,Paragraph,"and DocBank (Li et al., 2020) in Section 4. Pub- LayNet (Zhong et al., 2019) provides high-quality text block annotations on 330k document pages, but its annotations only cover ﬁve distinct cate- gories. Livathinos et al. (2021) and Staar et al. (2018) curated a multi-disciplinary, manually anno- tated dataset of 2,940 paper pages, but only make available the processed page features without the raw text or source PDFs needed for experiments with layout-aware methods. We introduce a new evaluation dataset, S2-VL, to address limitations in these existing datasets.",0.5149043624161074,0.0774516218527315,0.8849857868020136,0.2674161111638954,,
2,Section,3 Methods,0.5155637583892617,0.2831786660332542,0.6203121718120805,0.2973772408551069,,
2,Section,3.1 Problem Formulation,0.5155637583892617,0.3101198359857482,0.7262777838926175,0.3230760117577197,,
2,Paragraph,"Following prior work (Tkaczyk et al., 2015; Li et al., 2020), our task is to map each token t i in an input sequence T = ( t 1 , . . . , t n ) to its se- mantic category c i (e.g. title, body text, reference, etc.). Input tokens are extracted via PDF-to-text tools, which output both the word t i and its 2D position on the page, a rectangular bounding box a i = ( x 0 , y 0 , x 1 , y 1 ) denoting the left, top, right, and bottom coordinate of the word. The order of tokens in sequence T may not reﬂect the actual reading order of the text due to errors in PDF- to-text conversion (e.g., in the original DocBank dataset (Li et al., 2020)), which poses an additional challenge to language models pre-trained on regu- lar texts.",0.5155637583892617,0.3318637358669833,0.8848239423859059,0.5701037596199525,,
2,Paragraph,"Besides the token sequence T , additional visual structures G can also be retrieved from the source document. Scientiﬁc papers are organized into groups of tokens (lines or blocks), which consist of consecutive pieces of text that can be segmented from other pieces based on spatial gaps. The group information can be extracted via visual layout de- tection models (Zhong et al., 2019; He et al., 2017) or rule-based PDF parsing (Tkaczyk et al., 2015).",0.5155637583892617,0.5734064909738718,0.8848204297392619,0.7153816693586699,,
2,Paragraph,"Formally, given an input page, the group detec- tor identiﬁes a series of m rectangular boxes for each group b j ∈ B = { b 1 , . . . , b m } in the input document page, where b j = ( x 0 , y 0 , x 1 , y 1 ) de- notes the box coordinates. Page tokens are allo- cated to the visual groups g j = ( b j , T ( j ) ) , where T ( j ) = { t i | a i (cid:22) b j , t i ∈ T } contains all tokens in the j -th group, and a i (cid:22) b j denotes that the cen- ter point of token t i ’s bounding box a i is strictly within the group box b i . When two group regions overlap and share common tokens, the system as- signs the common tokens to the earlier group by",0.5149043624161074,0.7189694365795725,0.8848247647033558,0.9089339258907364,,
3,Caption,"Figure 3: Illustration of the H-VILA model. Texts from each visual layout group are encoded separatedly using the group encoder, and the generated representation are subsequently modeled by a page encoder. The semantic category are predicted at the group-level, which signiﬁcantly improves efﬁciency.",0.1208053691275167,0.2554683154394298,0.8817848631946306,0.2956982441805226,Figure,5.0
3,Paragraph,"the estimated reading order from the PDF parser. We refer to text block groups of a page as G ( B ) and text line groups as G ( L ) . In our case, we de- ﬁne text lines as consecutive tokens appearing at the nearly same vertical position. 2 Text blocks are sets of adjacent text lines with gaps smaller than a certain threshold, and ideally the same semantic category. That is, even two close lines of different semantic categories should be allocated to separate blocks, and in our models we use a block detector trained toward this objective. In practice, block or line detectors may generate incorrect predictions.",0.1199446308724832,0.3121262061757719,0.4902273975402684,0.5020906954869359,,
3,Paragraph,"In the following sections, we describe our two models, I-VILA and H-VILA. The models take a BERT-based pretrained language model as a foun- dation, which may or may not itself be layout- aware (we experiment with DistilBERT, BERT, RoBERTa, and LayoutLM in our experiments). Our models then augment the base model to in- corporate group structures, as detailed below.",0.1208053691275167,0.5052259686460807,0.4902273975402685,0.6308246622327791,,
3,Section,3.2 I-VILA: Injecting Visual Layout Indicators,0.1208053691275167,0.6439618787410927,0.415589019295302,0.6730106910926367,,
3,Paragraph,"According to the group uniformity assumption, to- ken categories are homogeneous within a group, and categorical changes should happen at group boundaries. This suggests that layout information should be incorporated in a way that informs to- ken category consistency intra-group and signals possible token category changes inter-group.",0.1201459731543624,0.680900552969121,0.490059368114094,0.7904066099762471,,
3,Paragraph,"Our ﬁrst method supplies VILA structures by inserting a special layout indicator token at each group boundary in the input text, and models this with a pretrained language model (which may or may not be position-aware). We refer to this as the I-VILA method. As shown in Figure 2(a), the",0.1201459731543624,0.7935418831353919,0.4876581000973155,0.8869564912114014,,
3,Footnote,"2 Or horizontal position, when the text is written vertically.",0.1420352348993288,0.896045797624703,0.487029868338255,0.9084355610451306,,
3,Paragraph,"inserted tokens partition the text into segments that provide helpful structure to the model, hinting at possible category changes. In I-VILA, the special tokens are seen at all layers of the model, provid- ing VILA signals at different stages of modeling, rather than only providing positional information at the initial embedding layers as in LayoutLM (Xu et al., 2020). We empirically show that BERT- based models can learn to leverage such special tokens to improve both the accuracy and the con- sistency of category predictions, even without an additional loss penalizing inconsistent intra-group predictions.",0.5149597315436242,0.3121262061757719,0.884817757375839,0.5181821444180522,,
3,Paragraph,"In practice, given G , we linearize tokens T ( j ) from each group and ﬂatten them into a 1D sequence. To avoid capturing confounding information in existing pretraining tasks, we insert a new token previously unseen by the model, [BLK] , in-between text from different groups T ( j ) . The resulting input sequence is of the form",0.5141895973154362,0.5237853508313539,0.8840709599261746,0.6335764437054632,,
3,Equation,"[ [CLS] , T (1)1 , . . . , T ( j ) n j , [BLK] , T ( j +1) 1 , . . . ,",0.5155637583892617,0.6342364600950118,0.8468525328859059,0.6542413294536817,,
3,Paragraph,"T ( m ) n m , [SEP] ] , where T ( j ) i and n j indicate the i -th token and the total number of tokens respectively in the j -th group, and [CLS] and [SEP] are the special tokens used by the BERT model and are inserted to preserve a similar input structure. 3 The BERT-based models are ﬁne-tuned on the token classiﬁcation objective with a cross entropy loss. When I-VILA uses a visual pretrained language model as input, such as LayoutLM (Xu et al., 2020), the positional embeddings for the newly injected [BLK] tokens are generated from the corresponding group’s bounding box b j .",0.5147030201342282,0.6538576002375296,0.8849857868020136,0.849103562232779,,
3,Footnote,"3 The [CLS] and [SEP] tokens are only inserted at the beginning or end of each input sequence, and they do not represent the sentence boundaries in this case.",0.5155637583892617,0.8700149187648456,0.8817918531006714,0.9084355610451306,,
4,Caption,"Figure 4: Model predictions for the 10th page of our paper draft. We present the token category and text block bounding boxes (highlighted in red rectangles) based on the (a) ground-truth annotations and model predictions from both I-VILA and H-VILA models (the three results happen to be identical) and (b) model predictions from the LayoutLM model. When VILA is injected, the model achieves more consistent predictions for the example, as indicated by arrows (1) and (2) in the ﬁgure. Best view in color.",0.1208053691275167,0.3228151087885985,0.88219406528859,0.3914405244655582,Figure,4.0
4,Section,3.3 H-VILA: Visual Layout-guided Hierarchical Model,0.1208053691275167,0.4077777932304038,0.4069679016778523,0.4368266055819477,,
4,Paragraph,"The uniformity of group token categories also sug- gests the possibility of building a group-level clas- siﬁer. Inspired by recent advances in modeling long documents, hierarchical structures (Yang et al., 2020; Zhang et al., 2019) provide an ideal architec- ture for the end task while optimizing for computa- tional cost. Illustrated in Figure 3, our hierarchical approach uses two transformer-based models, one to encode each group in terms of its words, and another modeling the whole document in terms of the groups. We provide the details below.",0.120238255033557,0.4447164674584322,0.4900725468926174,0.6185895078384798,,
4,Paragraph,"The Group Encoder is a l g -layer transformer that converts each group g i into a hidden vector h i . Following the typical transformer model set- ting (Vaswani et al., 2017), the model takes a se- quence of tokens T ( j ) within a group as input, and maps each token T ( j ) i into a dense vector e ( j ) i of dimension d . Subsequently, a group vector aggre- gation function f : R n j × d → R d is applied that projects the token representations (cid:16) e ( j ) 1 , . . . , e ( j ) n j (cid:17) to a single vector ˜ h j that represents the group’s tex- tual information. A group’s 2D spatial information is incorporated in the form of positional embed- dings, and the ﬁnal group representation h j can be calculated as:",0.1208053691275167,0.6214397451306413,0.4900703229087247,0.8540788190023754,,
4,Equation,h j = ˜ h j + p ( b j ) . (1),0.2396124161073825,0.8648459209026129,0.4870268634228187,0.8824871726840855,Equation,15.0
4,Paragraph,where p is the 2D positional embedding similar to,0.1201459731543624,0.8956927142517814,0.4870254086503355,0.9089339258907364,,
4,Paragraph,the one used in LayoutLM:,0.5155637583892617,0.4078684864608076,0.7148561758389262,0.4208246622327791,,
4,Equation,"p ( b ) = E x ( x 0 ) + E x ( x 1 ) + E w ( x 1 − x 0 )+ (2) E y ( y 0 ) + E y ( y 1 ) + E h ( y 1 − y 0 ) ,",0.5290620805369128,0.4326262059382423,0.8817835748322154,0.4666570064133016,Equation,16.0
4,Paragraph,"where E x , E x , E w , E h are the embedding matrices for x, y coordinates and width and height. In prac- tice, we ﬁnd that injecting positional information using the bounding box of the ﬁrst token within the group leads to better results, and we choose group vector aggregation function f to be the average over all tokens representations.",0.5149043624161074,0.477309103800475,0.8848307165080536,0.5871001966745842,,
4,Paragraph,"The Page Encoder is another stacked trans- former model of l p layers that operates on the group representation h j generated by the group encoder. It generates a ﬁnal group representation s j for downstream classiﬁcation. A MLP-based lin- ear classiﬁer is attached thereafter, and is trained to generate the group-level category probability p jc .",0.5155637583892617,0.5901447766033253,0.8848220118557047,0.7007235147268408,,
4,Paragraph,"Different from previous work (Yang et al., 2020), we restrict the choice of l g and l p to { 1 , 12 } such that we can load pre-trained weights from BERT base models. Therefore, no additional pretrain- ing is required, and the H-VILA model can be ﬁne-tuned directly for the downstream classiﬁca- tion task. Speciﬁcally, we set l g = 1 and initial- ize the group encoder from the ﬁrst-layer trans- former weights of BERT. The page encoder is con- ﬁgured as either a one-layer transformer or a 12- layer transformer that resembles a full LayoutLM model. Weights are initialized from the ﬁrst-layer or full 12 layers of the LayoutLM model, which",0.5149043624161074,0.7028768000000001,0.8848294158993288,0.9089339258907364,,
5,Paragraph,is trained to model texts in conjunction with their positions.,0.1208053691275167,0.0774516218527315,0.4873415745130873,0.1065004342042755,,
5,Paragraph,"Group Token Truncation As suggested in Yang et al. (2020)’s work, when an input document of length N is evenly split into segments of L s , the memory footprint of the hierarchical model is O ( l g NL s + l p ( NL s ) 2 ) , and for long documents with N (cid:29) L s , it approximates as O ( N 2 /L 2 s ) . However, in our case, it is infeasible to adopt the Greedy Sen- tence Filling technique (Yang et al., 2020) as it mingles signals from different groups and obfus- cates group structures. It is also less desirable to simply use the maximum token count per group max 1 ≤ j ≤ m n j to batch the contents due to the high variance of group token length (see Table 1). In- stead, we choose a group token truncation count ˜ n empirically based on statistics of the group token length distribution such that N ≈ ˜ nm , and use the ﬁrst ˜ n to aggregate the group hidden vector h j for all groups (we pad the sequence to ˜ n when it is shorter).",0.119743288590604,0.1095450141330166,0.4900725468926175,0.4137866574821852,,
5,Section,4 Benchmark Suite,0.1208053691275167,0.4276038441805225,0.299672010738255,0.4418024190023752,,
5,Paragraph,"To systematically evaluate the proposed meth- ods, we develop the the Semantic Scholar V isual L ayout-enhanced Scientiﬁc Text U nderstanding E valuation (S2-VLUE) benchmark suite. S2- VLUE consists of three datasets—two previously released resources which we augment with VILA information, and a new hand-curated dataset S2-",0.120238255033557,0.4531357073634203,0.4900710220436242,0.5626417643705462,,
5,Paragraph,VL.Key statistics for S2-VLUE are provided in Ta-,0.1205486577181208,0.5657770375296912,0.4900658628979866,0.5948246622327791,,
5,Paragraph,"ble 1. Notably, the three constituent datasets dif- fer with respect to their: 1) annotation method, 2) VILA generation method, and 3) paper domain coverage. We provide details below.",0.1208053691275167,0.5979599353919239,0.4900593681140939,0.6591916456057008,,
5,Section,GROTOAP2,0.1208053691275167,0.6706032089073634,0.2201587161073825,0.6835593846793349,,
5,Paragraph,"The GROTOAP2 dataset (Tkaczyk et al., 2014) is automatically annotated. Its text block and line groupings come from the CERMINE PDF parsing tool (Tkaczyk et al., 2015); text block category labels are then obtained by pairing block texts with structured data from document source ﬁles obtained from PubMed Central. A small sub- set of data is inspected by experts, and a set of post-processing heuristics is developed to further improve annotation quality. Since token categories are annotated by group, the dataset achieves per- fect accordance between token labels and VILA structures. However, the method of rule-based PDF parsing employed by the authors introduces label- ing inaccuracies due to imperfect VILA detection:",0.1208053691275167,0.6706939021377671,0.4900733522624161,0.9089339258907364,,
5,Paragraph,"the authors ﬁnd that block-level annotation accu- racy achieves only 92 Macro F1 in a small gold evaluation set. Additionally, all samples are ex- tracted from the PMC Open Access Subset 4 that includes only life sciences publications; these pa- pers have less representation of classiﬁcation types like “equation”, which are common in other scien- tiﬁc disciplines.",0.5155637583892617,0.0774516218527315,0.8848179770221478,0.2030503154394299,,
5,Section,DocBank,0.5155637583892617,0.2180485770783848,0.5877724823825504,0.2310047528503563,,
5,Paragraph,"The DocBank dataset (Li et al., 2020) is fully machine-labeled without any postprocess- ing heuristics or human assessment. The authors ﬁrst identify token categories by automatically pars- ing the source TEX ﬁles available from arXiv. Text block annotations are then generated by grouping together tokens of the same category using con- nected component analysis. However, only a spe- ciﬁc set of token tags is extracted from the main TEX ﬁle for each paper, leading to inaccurate and incomplete token labels, especially for papers em- ploying LaTeX macro commands, 5 and thus, incor- rect visual groupings. Hence, we develop a Mask R-CNN-based vision layout detection model based on a collection of existing resources (Zhong et al., 2019; MFD, 2021; He et al., 2017; Shen et al., 2021) to ﬁx these inaccuracies and generate trust- worthy VILA annotations at both the text block and line level. 6 As a result, this dataset can be used to evaluate VILA models under a different setting, since the VILA structures are generated in- dependently from the token annotations. Because the papers in DocBank are from arXiv, however, they primarily represent domains like Computer Science, Physics, and Mathematics, limiting the amount of layout variation.",0.5149043624161074,0.2181392703087886,0.8848309361543626,0.6333876076009501,,
5,Section,S2-VL,0.5160201342281879,0.648387056888361,0.5705290265100671,0.6613432326603326,,
5,Paragraph,"We introduce a new dataset to address the three major drawbacks in existing work: 1) annota- tion quality, 2) VILA ﬁdelity, and 3) domain cover- age. S2-VL is manually labeled by graduate stu- dents who frequently read scientiﬁc papers. Using",0.5155637583892617,0.6484777501187647,0.8848309361543626,0.7258009092636578,,
5,Footnote,"4 https://www.ncbi.nlm.nih.gov/pmc/ tools/openftlist/ (last accessed Jan. 1, 2022). 5 For example, in DocBank, “Figure 1” in a ﬁgure caption block is usually labeled as “paragraph” rather than “caption”. DocBank labels all tokens that are not explicitly contained in the set of processed LaTeX tags as “paragraph.” 6 The original generation method for DocBank requires rendering LaTeX source, which results in layouts different from the publicly available versions of these documents on arXiv. However, because the authors of the dataset only pro- vide document page images, rather than the rendered PDF, we can only use image-based approaches for layout detection. We refer readers to the appendix for details.",0.5151862416107382,0.7394092180522565,0.8844197906040269,0.9084355610451306,,
6,Header,GROTOAP2 DocBank,0.3614952865771812,0.0797427690435391,0.541104213554396,0.0911623423689548,,
6,Table,"S2-VL Train / Dev / Test Pages 83k / 18k / 18k 398k / 50k / 50k 1.3k 1 Annotation Method Automatic Automatic Human Annotation Scientiﬁc Discipline Life Science Math / Physics / CS 19 Disciplines Visual Layout Group PDF parsing Vision model Gold Label / Detection methods Number of Categories 22 12 15 Average Token Count 2 1203 (591) 838 (503) 790 (453) Average Text Line Count 90 (51) 60 (34) 64 (54) Average Text Block Count 12 (16) 15 (8) 22 (36) 1 This is the total number of pages in the S2-VL dataset; we use 5-fold cross-validation for training and testing. 2 We report the average token, text line, and text block count per page, with standard deviations in parentheses.",0.1628933879194631,0.0797427690435391,0.8308632498547657,0.2486805811142993,,
6,Caption,Table 1: Details for the three datasets in the S2-VLUE benchmark.,0.2754748322147651,0.2604457501187648,0.7271182708053694,0.2722778166270784,Table,7.0
6,Paragraph,"the PAWLS annotation tool (Neumann et al., 2021), annotators draw rectangular text blocks directly on each PDF page, and specify the block-level seman- tic categories from 15 possible candidates. 7 Tokens within a group can therefore inherit the category from the parent text block. Inter-annotator agree- ment, in terms of token-level accuracy measured on a 12-paper subset, is high at 0.95. The ground-truth VILA labels in S2-VL can be used to ﬁne-tune visual layout detection models, and paper PDFs are also included, making PDF-based structure pars- ing feasible: this enables VILA annotations to be created by different means, which is helpful for benchmarking new VILA-based models. More- over, S2-VL currently contains 1337 pages of 87 papers from 19 different disciplines, including e.g. Philosophy and Sociology which are not present in previous data sets.",0.1201459731543624,0.2963625482185274,0.4902239930224832,0.5828769187648456,,
6,Paragraph,"Overall, the datasets in S2-VLUE cover a wide range of academic disciplines with different lay- outs. The VILA structures in the three component datasets are curated differently, which helps to eval- uate the generality of VILA-based methods.",0.1208053691275167,0.586294852256532,0.4900725468926174,0.6636180114014252,,
6,Section,5 Experimental Setup,0.1208053691275167,0.6787903049881234,0.3219576268456376,0.6929888798099763,,
6,Section,5.1 Implementation Details,0.1208053691275167,0.7053086720902614,0.3455218468120805,0.7182648478622328,,
6,Paragraph,"Our models are implemented using Py- Torch (Paszke et al., 2019) and the transformers library (Wolf et al., 2020). A series of baseline and VILA models are ﬁne-tuned on 4-GPU RTX8000 or A100 machines. The AdamW optimizer (Kingma and Ba, 2015; Loshchilov and",0.120238255033557,0.7267152798099762,0.490059368114094,0.8201298878859857,,
6,Footnote,"7 Of our deﬁned categories, 12 are common ﬁelds and taken directly from other similar datasets, e.g., title, abstract etc. We add three categories: equation, header, and footer, which commonly occur in scientiﬁc papers and are included in full text mining resources like S2ORC (Lo et al., 2020) and CORD-19 (Wang et al., 2020).",0.1202634228187919,0.8309686004750594,0.4889055759463089,0.9084355610451306,,
6,Paragraph,"Hutter, 2019) is adopted with a 5 × 10 − 5 learning rate and ( β 1 , β 2 ) = (0 . 9 , 0 . 999) . The learning rate is linearly warmed up over 5% steps then linearly decayed. For all datasets (GROTOAP2, DocBank, S2-VL), unless otherwise speciﬁed, we select the best ﬁne-tuning batch size (40, 40 and 12) and training epochs (24, 6, 8 and 10) for all models. As for S2-VL, given its smaller size, we use 5-fold cross validation and report averaged scores, and use 2 × 10 − 5 learning rate with 20 epochs. We split S2-VL based on papers rather than pages to avoid exposing paper templates of test samples in the training data. Mixed precision training (Micikevicius et al., 2018) is used to speed up the training process.",0.5141895973154362,0.2941889541567696,0.8840709599261743,0.5346025719714964,,
6,Paragraph,"For I-VILA models, we ﬁne-tune several BERT- variants with VILA-enhanced text inputs, and the models are initialized from pre-trained weights available in the transformers library. The H-VILA models are initialized as mentioned in Section 3.3, and by default, positional information is injected for each group.",0.5151057046979866,0.5386796503562945,0.8848142216805368,0.6481857073634205,,
6,Section,5.2 Competing Methods,0.5155637583892617,0.6649891946555819,0.7158811919463087,0.6779453704275535,,
6,Paragraph,We consider three approaches that compete with the proposed methods from different perspectives:,0.5147030201342282,0.6877069662707838,0.8829222097315436,0.7167545909738717,,
6,List,"1. Baselines The LayoutLM (Xu et al., 2020) model is the main baseline method. It is the closest model counterpart to our VILA- augmented models as it also injects layout in- formation and achieves previous SOTA perfor- mance on the Scientiﬁc PDF parsing task (Li et al., 2020).",0.5300855704697987,0.7342172231591448,0.8848320648926173,0.8438139733966746,,
6,Footnote,"8 We try to keep gradient update steps the same for the GROTOAP2 and the DocBank dataset. As DocBank con- tains 4 × examples, the number of DocBank models’ training epochs is reduced by 75%.",0.5155637583892617,0.8569994793349168,0.8842777724563762,0.9084355610451306,,
7,Table,"GROTOAP2 DocBank S2-VL 1 Macro F1 (cid:20) H( G ) (cid:21) Macro F1 (cid:20) H( G ) (cid:21) Macro F1 (cid:20) H( G ) (cid:21) LayoutLM BASE (Xu et al., 2020) 92.34 0.78 91.06 2.64 82.69(6.04) 4.19(0.25) LayoutLM BASE + Sentence Breaks 91.83 0.78 91.44 2.62 82.81(5.21) 4.21(0.55) LayoutLM BASE + I-VILA (Text Line) 92.37 0.73 92.79 2.17 83.77(5.75) 2 3.28(0.35) LayoutLM BASE + I-VILA (Text Block) 93.38 0.53 92.00 2.10 83.44(6.48) 2.83(0.34) 1 For S2-VL, we show averaged scores with standard deviation in parentheses across the 5-fold cross validation subsets. 2 In this table, we report S2-VL results using VILA structures detected by visual layout models. When the ground-truth VILA structures are available, both I-VILA and H-VILA models can achieve better accuracy, shown in Table 6.",0.1432927443791946,0.0805738538925416,0.8597993625104385,0.227969670813919,,
7,Caption,Table 2: Performance of baseline and I-VILA models on the scientiﬁc document extraction task. I-VILA provides consistent accuracy improvements over the baseline LayoutLM model on all three benchmark datasets.,0.1202869127516778,0.2397355363420427,0.8817906134228182,0.2657659401425179,Table,11.0
7,Paragraph,"2. Sentence Breaks For I-VILA models, be- sides using VILA-based indicators, we also compare with indicators generated from sen- tence breaks detected by PySBD (Sadvilkar and Neumann, 2020). Figure 2(a) shows that the inserted sentence-break indicators may have both ""false-positive"" or ""false-negative"" hints for token semantic category changes, making it less helpful for the end task. 3. Simple Group Classiﬁer For hierarchical models, we consider another baseline ap- proach, where the group texts are separately fed into a LayoutLM-based group classiﬁer. It doesn’t require complicated model design, and uses a full LayoutLM to model each group’s text, as opposed to the l g = 1 layer used in the H-VILA models. However, this method cannot account for inter-group inter- actions, and is far less efﬁcient. 9",0.1353271812080537,0.2955699547505939,0.4902230351208053,0.5982676551068884,,
7,Section,5.3 Metrics Prediction Accuracy,0.1208053691275168,0.6127231614014251,0.2871508402684564,0.6468135414489311,,
7,Paragraph,"The token label distri- bution is heavily skewed towards categories corresponding to paper body texts (e.g., the “BODY_CONTENT” category in GROTOAP2 or the “paragraph” category in S2-VL and DocBank). Therefore, we choose to use Macro F1 as our pri- mary evaluation metric for prediction accuracy.",0.1183708053691275,0.6339480589073635,0.490232396795302,0.7434553035629453,,
7,Section,Group Category Inconsistency,0.1208053691275167,0.7559048716152018,0.3611350385906041,0.7688610473871734,,
7,Paragraph,"To better char- acterize how different models behave with respect to group structure, we also report a diagnostic met- ric that calculates the uniformity of the token cate- gories within a group. Hypothetically, tokens T ( j )",0.1208053691275167,0.7559955648456057,0.4900725468926175,0.8333187239904988,,
7,Footnote,"9 Despite the group texts being relatively short, this method causes extra computational overhead as the full LayoutLM model needs to be run m times for all groups in a page. The simple group classiﬁer models are only trained for 5, 2, and 5 epochs for GROTOAP2, DocBank, and S2-VL for tractability.",0.1208053691275167,0.8439840399049882,0.4870334638389261,0.9084355610451306,,
7,Paragraph,"in the j -th group g j share the same category c , and naturally the group inherits the semantic label c . We use the group token category entropy to mea- sure the inconsistency of a model’s predicted token categories within the same group:",0.5147030201342282,0.2953756121140142,0.8849879538590605,0.3729838071258908,,
7,Equation,"H( g ) = − (cid:88) c p c log p c , (3)",0.6107936241610739,0.3879731116389548,0.8817835748322148,0.4221997617577197,Equation,16.0
7,Paragraph,"where p c denotes the probability of a token in group g being classiﬁed as category c . When all tokens in a group have the same category, the group token category inconsistency is zero. H( g ) reaches the maximum when p c is a uniform distribution across all possible categories. The inconsistency for G is the arithmetic mean of all individual groups g i :",0.5149043624161074,0.43887086152019,0.8817928811610739,0.549642754631829,,
7,Equation,H( G ) = 1 m m (cid:88) i H( g i ) (4),0.6177986577181207,0.5652792154394299,0.8817835748322146,0.6064836097387174,Equation,15.0
7,Paragraph,"H( G ) acts as an auxiliary metric for evaluating pre- diction quality with respect to the provided VILA structures. In the remainder of this paper, we report the inconsistency metric for text blocks G ( B ) by default, and scale the values by a factor of 100.",0.5155637583892615,0.6240870135391924,0.8848242164161076,0.7016952085510689,,
7,Section,Measuring Efﬁciency,0.5155637583892617,0.7188787433491687,0.6834833614093959,0.7318349191211401,,
7,Paragraph,"We report the inference time per sample as a measure of model efﬁciency. We select 1,000 pages from the GROTOAP2 test set, and report the average model runtime for 3 runs on this subset. All models are tested on an isolated machine with a single V100 GPU. We report the time incurred for text classiﬁcation; time costs associated with PDF-to-text conversion or VILA structure detection are not included (these are treated as pre-processing steps, which can be cached and re-used when processing documents with different content extractors).",0.5147030201342282,0.7189694365795725,0.8849955793666107,0.9089339258907364,,
8,Table,GROTOAP2 DocBank S2-VL Macro F1 (cid:20) H( G ) (cid:21) Macro F1 (cid:20) H( G ) (cid:21) Macro F1 (cid:20) H( G ) (cid:21) Inference Time (ms) LayoutLM BASE 92.34 0.78 91.06 2.64 82.69(6.04) 4.19(0.25) 52.56(0.25) Simple Group Classiﬁer 92.65 0.00 87.01 0.00 - 1 - 82.57(0.30) H-VILA (Text Line) 91.65 0.32 91.27 1.07 83.69(2.92) 1.70(0.68) 28.07(0.37) 2 H-VILA (Text Block) 92.37 0.00 87.78 0.00 82.09(5.89) 0.36(0.12) 16.37(0.15),0.1241679980536912,0.0818524720127695,0.8710494940727114,0.180960274449824,,
8,Footnote,"1 The simple group classiﬁer fails to converge for one run. We do not report the results for fair comparison. 2 When reporting efﬁciency in other parts of the paper, we use this result because of its optimal combination of accuracy and efﬁciency.",0.1241679980536912,0.1890854836350021,0.852572853089491,0.2118775383928168,,
8,Caption,"Table 3: Content extraction performance for H-VILA. The H-VILA models signiﬁcantly reduce the inference time cost compared to LayoutLM, while achieving comparable accuracy on the three benchmark datasets.",0.1202869127516778,0.2236428997624702,0.8817908474436238,0.2496744912114014,Table,11.0
8,Table,Base Model Baseline Text Line G ( L ) Text Block G ( B ) DistilBERT 90.52 91.14 92.12 BERT 90.78 91.65 92.31 RoBERTa 91.64 92.04 92.52 LayoutLM 92.34 92.37 93.38,0.1321398341442952,0.2793210605788386,0.4750503629122141,0.3637482086776344,,
8,Caption,"Table 4: Content extraction performance (Macro F1 on the GROTOAP2 dataset) for I-VILA using different BERT model variants. I-VILA can be applied to both standard BERT-based models and layout-aware ones, and consistently improves the classiﬁcation accuracy.",0.1202869127516778,0.3810098831353918,0.489121353865772,0.4496364864608075,Table,7.0
8,Section,6 Results,0.1208053691275167,0.4759375733966746,0.2132976966442953,0.4901361482185273,,
8,Section,6.1,0.1208053691275167,0.5028062967933492,0.1436851929530201,0.5157624725653207,,
8,Paragraph,I-VILA Achieves Better Accuracy,0.1619890520134228,0.5028062967933492,0.4263516884228188,0.5157624725653207,,
8,Paragraph,"Table 2 shows that I-VILA models lead to con- sistent accuracy improvements without further pretraining. Compared to the baseline Lay- outLM model, inserting layout indicators results in +1.13%, +1.90%, and +1.29% Macro F1 improve- ments across the three benchmark datasets. I-VILA models also achieve better token prediction con- sistency; the corresponding group category incon- sistency is reduced by 32.1%, 21.7%, and 21.7% compared to baseline. Moreover, VILA informa- tion is also more helpful than language structures: I-VILA models based on text blocks and lines all outperform the sentence boundary-based method by a similar margin. Figure 4 shows an example of the VILA model predictions.",0.1182248322147651,0.5244943771971495,0.4900717192681209,0.7627332133016628,,
8,Section,6.2 H-VILA is More Efﬁcient,0.1208053691275167,0.77773978847981,0.3624712203020134,0.7906959642517815,,
8,Paragraph,"Table 3 summarizes the efﬁciency improvements of the H-VILA models with l g = 1 and l p = 12 . As block-level models perform predictions directly at the text block level, the group category inconsis- tency is naturally zero. Compared to LayoutLM, H-VILA models with text lines brings a 46.59% reduction in inference time, without heavily pe-",0.1201459731543624,0.7994278688836104,0.4902295645973153,0.9089339258907364,,
8,Caption,"Figure 5: Illustration of models trained and evaluated with incorrect text block detections (only the top half of the page is shown). The blocks are created by vision predictions, which fails to capture the correct caption text structure (arrow 1). Because the I-VILA model can generate different token predictions within a group, it maintains high accuracy, whereas H-VILA assigns the same category for all tokens in the incorrect block, leading to lower accuracy.",0.5149614093959731,0.4075075078384798,0.8838736753023493,0.5329274603325416,Figure,6.0
8,Paragraph,"nalizing the ﬁnal prediction accuracies (-0.75%, +0.23%, +1.21% Macro F1). When text blocks are used, H-VILA models are even more efﬁcient (68.85% and 80.17% inference time reduction com- pared to the LayoutLM and simple group classiﬁer baseline), and they also achieve similar or better accuracy compared to the simple group classiﬁer (-0.30%, +0.88% Macro F1 for GROTOAP2 and DocBank).",0.5129815436241612,0.5562758498812351,0.8848188561107383,0.6979648047505939,,
8,Paragraph,"However, in H-VILA models, the inductive bias from the group uniformity assumption also has a drawback: models are often less accurate than their I-VILA counterparts, and performing block level classiﬁcation may sometimes lead to worse results (-3.60% and -0.73% Macro F1 in the DocBank and S2-VL datasets compared to LayoutLM). More- over, shown in Figure 5, when the injected lay- out group is incorrect, the H-VILA method lacks the ﬂexibility to assign different token categories within a group, leading to lower accuracy. Addi- tional analysis of the impact of the layout group predictions is detailed in Section 8.",0.5149043624161074,0.7028768000000001,0.8848320749865771,0.9089339258907364,,
9,Table,"GROTOAP2 DocBank S2-VL F1 (cid:20) H( G ) (cid:21) F1 (cid:20) H( G ) (cid:21) F1 (cid:20) H( G ) (cid:21) Training Cost 1 BERT BASE (Devlin et al., 2019) 90.78 1.58 87.24 3.50 78.34(6.53) 1 7.17(0.95) 40 hr ﬁne-tuning BERT BASE + I-VILA (Text Line) 91.65 1.13 90.25 2.56 81.15(4.83) 4.76(1.28) 40 hr ﬁne-tuning BERT BASE + I-VILA (Text Block) 92.31 0.63 89.49 2.25 81.82(4.88) 3.65(0.26) 40 hr ﬁne-tuning LayoutLM BASE (Xu et al., 2020) 92.34 0.78 91.06 2.64 82.69(6.04) 4.19(0.25) 1.2k hr pretraining + 50 hr ﬁne-tuning LayoutLMv2 BASE (Xu et al., 2021) - 2 - 93.33 1.93 83.05(4.51) 3.34(0.82) 9.6k hr pretraining 3 + 130 hr ﬁne-tuning 1 We report the equivalent V100 GPU hours on the GROTOAP dataset in this column. 2 LayoutLMv2 cannot be trained on the GROTOAP2 dataset because almost 30% of its instances do not have compatible PDF images. 3 The authors do not report the exact cost in the paper. The number is a rough estimate based on our experimental results.",0.1242555731879194,0.0820409780027743,0.8719200436627517,0.2597413067984987,,
9,Caption,Table 5: Comparison between I-VILA models and other layout-aware methods that require expensive pretraining.,0.1202869127516778,0.2715075078384797,0.884714051470805,0.2833395743467933,Table,6.0
9,Paragraph,I-VILA achieves comparable accuracy with less than 5% of the training cost.,0.1208053691275167,0.2857058451306413,0.6351496677852347,0.2975379116389549,,
9,Section,7 Ablation Studies,0.1208053691275167,0.3229922052256532,0.2930124026845638,0.3371907800475059,,
9,Section,7.1 I-VILA is Effective Across BERT Variants,0.1208053691275167,0.3605640165083136,0.4218672429530202,0.3896116412114014,,
9,Paragraph,"To test the applicability of the VILA methods, we adapt I-VILA to different BERT variants and train them on the GROTOAP2 dataset. Shown in Ta- ble 4, I-VILA leads to consistent improvements on DistilBERT (Sanh et al., 2019), BERT, and RoBERTa (Liu et al., 2019), 10 leading to up-to +1.77%, +1.69%, and 0.96% Macro F1 compared to non-VILA counterparts.",0.1182248322147651,0.4069159923990498,0.4900593681140939,0.5325146859857481,,
9,Section,7.2 I-VILA Improves Accuracy without Pretraining,0.1208053691275167,0.5624785058194774,0.4424224766778523,0.5915261305225653,,
9,Paragraph,"In Table 5, we ﬁne-tune a series of I-VILA models based on BERT, and compare their performance with LayoutLM and LayoutLMv2 (Xu et al., 2021) which require additional large-scale pretraining on corpora with layout. BERT+I-VILA achieves com- parable accuracy to LayoutLM (0.00%, -0.89%, -1.05%), with only 5% of the training cost. 11 I- VILA also closes the gap with the latest multimodal method LayoutLMv2 (Xu et al., 2021) with only 1% of the training cost. This further veriﬁes that injecting layout indicator tokens is a novel and ef- fective way of incorporating layout information into language models.",0.1177667785234899,0.6088316693586697,0.4900664334036912,0.8148876076009501,,
9,Footnote,"10 Positional embeddings are not used in these models. 11 It takes 10.5 hours to ﬁnish ﬁne-tuning I-VILA on the GROTOAP2 dataset using a 4 RTX 8000 machine, equivalent to around 60 V100 GPU hours, approximately 5% of the 1280 hours of the pretraining time for LayoutLM.",0.1208053691275167,0.8437583866983374,0.4870339753449667,0.9084355610451306,,
9,Section,8 VILA in Practice: The Impact of Layout Group Detectors,0.5155637583892617,0.3229922052256531,0.827080966442953,0.3537561007125889,,
9,Paragraph,"Applying VILA methods in practice requires run- ning a group layout detector as a critical ﬁrst step. In this section, we analyze how the accuracy of different block and line group detectors affects the accuracy of H-VILA and I-VILA models.",0.5149043624161074,0.3649516218527316,0.884987434149329,0.4422747809976247,,
9,Paragraph,"The results are shown in Table 6. We report on the S2-VL dataset using two automated group de- tectors: the CERMINE PDF parser (Tkaczyk et al., 2015) and the Mask R-CNN vision model trained on the PubLayNet dataset (Zhong et al., 2019). We also report on using ground truth blocks as an up- per bound. The “Group-uniform Oracle” illustrates how well the different group detectors reﬂect the group uniformity assumption; in the oracle setting, one is given ground truth labels but is restricted to assigning the same label to all tokens in a group.",0.5155637583892617,0.4454100541567695,0.88482607497651,0.6192830945368172,,
9,Paragraph,"When using text blocks, the performance of H- VILA hinges on the accuracy of group detection, while I-VILA shows more reliable results when using different group detectors. This suggests that improvements in vision models for block detection could be a promising avenue for improving content extraction performance, especially when using H- VILA, and I-VILA may be the better choice when block detection accuracy is lower.",0.5149043624161074,0.6224183676959619,0.8848249111342281,0.7641085102137768,,
9,Paragraph,"We also observe that text line-based methods tend to be higher performing for both group detec- tors, by a small margin for I-VILA and a larger one for H-VILA. The group detectors in our exper- iments are trained on data from PubLayNet, and applied to a different dataset, S2-VL. This domain transfer affects block detectors more than line de- tectors, because the two datasets deﬁne blocks dif- ferently. This setting is realistic because ground",0.5155637583892617,0.7672437833729215,0.8848287762989933,0.9089339258907364,,
10,Table,"Group-uniform Oracle I-VILA H-VILA Experiment Group Source Max Macro F1 H( G ) Macro F1 H( G ) Macro F1 H( G ) Varying G B Ground-Truth 100.00(0.00) 0.00(0.00) 86.50(4.52) 1.86(0.29) 85.91(3.13) 0.35(0.19) Vision Model 99.31(0.23) 1.09(0.30) 83.44(6.48) 2.83(0.34) 82.09(5.89) 0.36(0.12) PDF Parsing 96.91(1.09) 2.06(0.86) 83.95(4.45) 3.93(0.93) 78.69(4.90) 0.02(0.01) Varying G L Vision Model 99.57(0.13) 0.42(0.18) 1 83.77(5.75) 1.20(0.16) 83.69(2.92) 0.20(0.12) PDF Parsing 99.70(0.12) 0.38(0.26) 82.97(5.56) 1.28(0.13) 82.61(4.10) 0.00(0.00) 1 For text line detector experiments, we report H( G ) based on text lines rather than blocks.",0.162217082147651,0.081800161224836,0.8329854561076429,0.2213022992601994,,
10,Caption,Table 6: VILA model performance when using different layout group detectors for text blocks G ( B ) and lines G ( L ) on the S2-VL dataset.,0.1202869127516778,0.2341782864608075,0.8825203092617451,0.2619013320665084,Table,4.0
10,Paragraph,truth blocks from the target dataset may not always be available for training (even when labeled tokens are). Training a group detector on S2-VL is likely to improve performance.,0.1208053691275167,0.2859860636579572,0.4876746608251678,0.3472177738717339,,
10,Section,9 Conclusion,0.1208053691275167,0.3663093073634204,0.2467562093959731,0.3805078821852731,,
10,Paragraph,"In this paper, we introduce two new ways to inte- grate Visual Layout (VILA) structures into the NLP pipeline for structured content extraction from sci- entiﬁc paper PDFs. We show that inserting special indicator tokens based on VILA (I-VILA) can lead to robust improvements in token classiﬁcation accu- racy (up to +1.9% Macro F1) and consistency (up to -32% group category inconsistency). In addition, we design a hierarchical transformer model based on VILA (H-VILA), which can reduce inference time by 46% with less than 0.8% Macro F1 reduc- tion compared to previous SOTA methods. These VILA-based methods can be easily incorporated into different BERT variants with only ﬁne-tuning, achieving comparable performance against existing work with only 5% of the training cost. We ablate the inﬂuence of different visual layout detectors on VILA-based models, and provide suggestions for practical use. We release a benchmark suite, along with a newly curated dataset S2-VL, to systemati- cally evaluate the proposed methods.",0.1201459731543624,0.3957224057007125,0.4900725468926174,0.7305123106888362,,
10,Paragraph,"Our study is well-aligned with the recent explo- ration of injecting structures into language models, and provides new perspectives on how to incorpo- rate documents’ visual structures. The approach shows how explicitly modeling task structure can help achieve ""green AI"" goals, dramatically reduc- ing computation and energy costs without signiﬁ- cant loss in accuracy. While we evaluate on scien- tiﬁc documents, related visual group structures also exist in other kinds of documents, and adapting our techniques to those domains could offer improve-",0.1208053691275167,0.7350608855106888,0.4900736786813758,0.9089339258907364,,
10,Paragraph,"ments in corporate reports, historical archives, or legal documents, and this is an item of future work.",0.5155637583892617,0.2859860636579572,0.8849923761912751,0.315033688361045,,
10,Section,Acknowledgements,0.5155637583892617,0.3292071695961995,0.6813920107382552,0.3434057444180522,,
10,Paragraph,"We thank the anonymous reviewers and TACL edi- tors for their comments and feedback on our draft, and we thank Ruochen Zhang, Mark Neumann, Rodney Kinney, Dirk Groeneveld, and Mike Ca- farella for the helpful discussion and suggestions. This project is supported in part by NSF Grant OIA- 2033558, NSF RAPID award 2040196, ONR grant N00014-21-1-2707, and the University of Wash- ington WRF/Cable Professorship.",0.5147030201342282,0.3550953273159145,0.8849857868020136,0.4967842821852731,,
10,Section,References,0.5155637583892617,0.5270492123515439,0.6087581530201344,0.5412477871733966,,
10,Bibliography,2008–2021. Grobid. https://github.com/ kermitt2/grobid . Accessed: 2021-04-30. 2021. ICDAR2021 competition on math- ematical formula detection.,0.5155637583892617,0.5520433939429928,0.884817757375839,0.6247724057007126,,
10,Paragraph,http:// transcriptorium.eu/~htrcontest/MathsICDAR2021/ . Accessed: 2021-04-30.,0.5338674496644296,0.610922253800475,0.8839802348993289,0.6569553035629453,,
10,Bibliography,"Waleed Ammar, Dirk Groeneveld, Chandra Bha- gavatula, Iz Beltagy, Miles Crawford, Doug Downey, Jason Dunkelberger, Ahmed Elgohary, Sergey Feldman, Vu Ha, Rodney Kinney, Sebas- tian Kohlmeier, Kyle Lo, Tyler Murray, Hsu-Han Ooi, Matthew Peters, Joanna Power, Sam Skjons- berg, Lucy Wang, Chris Wilhelm, Zheng Yuan, Madeleine van Zuylen, and Oren Etzioni. 2018. Construction of the literature graph in semantic scholar. In Proceedings of the 2018 Conference of the North American Chapter of the Associ- ation for Computational Linguistics: Human Language Technologies, Volume 3 (Industry Pa- pers) , pages 84–91, New Orleans - Louisiana.",0.5155637583892617,0.6706939021377671,0.8849958068523491,0.89284247695962,,
10,Footer,Association for Computational Linguistics.,0.5332080536912751,0.8959777501187648,0.8494621305369128,0.9089339258907364,,
11,Bibliography,"He Bai, Peng Shi, Jimmy Lin, Yuqing Xie, Luchen Tan, Kun Xiong, Wen Gao, and Ming Li. 2021. Segatron: Segment-aware transformer for lan- guage modeling and understanding. In Proceed- ings of the AAAI Conference on Artiﬁcial Intelli- gence , volume 35, pages 12526–12534. Iz Beltagy, Kyle Lo, and Arman Cohan. 2019. SciBERT: A pretrained language model for sci- entiﬁc text. In Proceedings of the 2019 Con- ference on Empirical Methods in Natural Lan- guage Processing and the 9th International Joint Conference on Natural Language Process- ing (EMNLP-IJCNLP) , pages 3615–3620, Hong",0.1208053691275167,0.0774516218527315,0.4902273975402684,0.2946952085510688,,
11,Paragraph,"Kong, China. Association for Computational Linguistics.",0.1391090604026846,0.2978304817102138,0.4870233222651006,0.3268781064133017,,
11,Bibliography,"Leo Breiman. 2001. Random forests. Machine Learning , 45(1):5–32. Jacob Devlin, Ming-Wei Chang, Kenton Lee, and Kristina Toutanova. 2019. BERT: Pre-training of deep bidirectional transformers for language understanding. In Proceedings of the 2019 Con- ference of the North American Chapter of the Association for Computational Linguistics: Hu- man Language Technologies, Volume 1 (Long and Short Papers) , pages 4171–4186, Minneapo- lis, Minnesota. Association for Computational Linguistics. Kaiming He, Georgia Gkioxari, Piotr Dollár, and Ross Girshick. 2017. Mask R-CNN. In Pro- ceedings of the IEEE international conference on computer vision , pages 2961–2969. Sepp Hochreiter and Jürgen Schmidhuber. 1997. Long short-term memory. Neural Computation ,",0.1208053691275167,0.3409030359857482,0.4902273975402687,0.6612759686460807,,
11,Paragraph,9(8):1735–1780.,0.1391090604026845,0.6644124294536817,0.2616350929530201,0.6773686052256531,,
11,Bibliography,"Diederik P. Kingma and Jimmy Ba. 2015. Adam: A method for stochastic optimization. In 3rd International Conference on Learning Represen- tations, ICLR 2015, San Diego, CA, USA, May 7-9, 2015, Conference Track Proceedings . John D. Lafferty, Andrew McCallum, and Fer- nando C. N. Pereira. 2001. Conditional ran- dom ﬁelds: Probabilistic models for segmenting and labeling sequence data. In Proceedings of the Eighteenth International Conference on Ma- chine Learning (ICML 2001), Williams College, Williamstown, MA, USA, June 28 - July 1, 2001 ,",0.1208053691275167,0.691690339192399,0.4902319887583894,0.89284247695962,,
11,Paragraph,pages 282–289. Morgan Kaufmann.,0.1391090604026846,0.8959777501187648,0.4025198961409396,0.9089339258907364,,
11,Bibliography,"Haejun Lee, Drew A. Hudson, Kangwook Lee, and Christopher D. Manning. 2020. SLM: Learning a discourse language representation with sen- tence unshufﬂing. In Proceedings of the 2020 Conference on Empirical Methods in Natural Language Processing (EMNLP) , pages 1551– 1562, Online. Association for Computational Linguistics. Minghao Li, Yiheng Xu, Lei Cui, Shaohan Huang, Furu Wei, Zhoujun Li, and Ming Zhou. 2020. DocBank: A benchmark dataset for document layout analysis. In Proceedings of the 28th Inter- national Conference on Computational Linguis- tics, COLING 2020, Barcelona, Spain (Online), December 8-13, 2020 , pages 949–960. Interna- tional Committee on Computational Linguistics. Peizhao Li, Jiuxiang Gu, Jason Kuen, Vlad I Morariu, Handong Zhao, Rajiv Jain, Varun Man- junatha, and Hongfu Liu. 2021. SelfDoc: Self- supervised document representation learning. In Proceedings of the IEEE/CVF Conference on Computer Vision and Pattern Recognition , pages 5652–5660. Yinhan Liu, Myle Ott, Naman Goyal, Jingfei Du, Mandar Joshi, Danqi Chen, Omer Levy, Mike Lewis, Luke Zettlemoyer, and Veselin",0.5155637583892617,0.0774516218527315,0.8849929405604029,0.5203745434679334,,
11,Paragraph,"Stoyanov. 2019. RoBERTAa: A robustly optimized bert pretraining approach. CoRR , cs.CL/1907.11692v1.",0.5338674496644296,0.5235110042755344,0.88407184647651,0.5686500779097388,,
11,Paragraph,"Nikolaos Livathinos, Cesar Berrospi, Maksym",0.5155637583892617,0.5810110042755344,0.8817932277046981,0.5939671800475059,,
11,Bibliography,"Lysak, Viktor Kuropiatnyk, Ahmed Nassar, An- dre Carvalho, Michele Dolﬁ, Christoph Auer, Kasper Dinkla, and Peter W. J. Staar. 2021. Ro- bust PDF document conversion using recurrent neural networks. In Thirty-Fifth AAAI Con- ference on Artiﬁcial Intelligence, AAAI 2021, Thirty-Third Conference on Innovative Applica- tions of Artiﬁcial Intelligence, IAAI 2021, The Eleventh Symposium on Educational Advances in Artiﬁcial Intelligence, EAAI 2021, Virtual Event, February 2-9, 2021 , pages 15137–15145. AAAI Press. Kyle Lo, Lucy Lu Wang, Mark Neumann, Rodney Kinney, and Daniel Weld. 2020. S2ORC: The semantic scholar open research corpus. In Pro- ceedings of the 58th Annual Meeting of the As- sociation for Computational Linguistics , pages 4969–4983, Online. Association for Computa- tional Linguistics.",0.5155637583892617,0.5971024532066508,0.8849929405604028,0.9089339258907364,,
12,Bibliography,"Ilya Loshchilov and Frank Hutter. 2019. Decou- pled weight decay regularization. In 7th Interna- tional Conference on Learning Representations, ICLR 2019, New Orleans, LA, USA, May 6-9, 2019 . OpenReview.net. Paulius Micikevicius, Sharan Narang, Jonah Al- ben, Gregory F. Diamos, Erich Elsen, David Gar- cía, Boris Ginsburg, Michael Houston, Oleksii Kuchaiev, Ganesh Venkatesh, and Hao Wu. 2018. Mixed precision training. In 6th International Conference on Learning Representations, ICLR 2018, Vancouver, BC, Canada, April 30 - May 3, 2018, Conference Track Proceedings . OpenRe- view.net.",0.1208053691275167,0.0774516218527315,0.4902370589273491,0.3126512655581947,,
12,Paragraph,"Mark Neumann, Zejiang Shen, and Sam Skjons- berg. 2021. PAWLS: PDF annotation with la- bels and structure. In Proceedings of the 59th Annual Meeting of the Association for Compu- tational Linguistics and the 11th International Joint Conference on Natural Language Process- ing: System Demonstrations , pages 258–264, Online. Association for Computational Linguis- tics.",0.1208053691275167,0.3288387952494062,0.4900709462348995,0.4705277501187648,,
12,Paragraph,"Adam Paszke, Sam Gross, Francisco Massa, Adam Lerer, James Bradbury, Gregory Chanan, Trevor Killeen, Zeming Lin, Natalia Gimelshein, Luca Antiga, Alban Desmaison, Andreas Kopf, Ed- ward Yang, Zachary DeVito, Martin Raison, Alykhan Tejani, Sasank Chilamkurthy, Benoit Steiner, Lu Fang, Junjie Bai, and Soumith Chin-",0.1208053691275167,0.4867152798099762,0.4900720130302015,0.5962213368171021,,
12,Bibliography,"tala. 2019. PyTorch: An imperative style, high- performance deep learning library. In Advances in Neural Information Processing Systems , vol- ume 32. Curran Associates, Inc. Shaoqing Ren, Kaiming He, Ross Girshick, and Jian Sun. 2015. Faster R-CNN: Towards real- time object detection with region proposal net- works. Advances in neural information process- ing systems , 28:91–99. Nipun Sadvilkar and Mark Neumann. 2020. PySBD: Pragmatic sentence boundary disam- biguation. In Proceedings of Second Work-",0.1208053691275167,0.5993566099762471,0.4902273975402687,0.8154244247030878,,
12,Paragraph,"shop for NLP Open Source Software (NLP-OSS) , pages 110–114, Online. Association for Compu- tational Linguistics.",0.1391090604026846,0.8182617058194773,0.4900574065506712,0.8636987714964371,,
12,Paragraph,"Victor Sanh, Lysandre Debut, Julien Chaumond, and Thomas Wolf. 2019. Distilbert, a distilled",0.1208053691275167,0.8798863011876484,0.4893125706644297,0.9089339258907364,,
12,Paragraph,"version of BERT: Smaller, faster, cheaper and lighter. CoRR , cs.CL/1910.01108v4.",0.5334093959731543,0.0774516218527315,0.8817904062416106,0.1065004342042755,,
12,Paragraph,"Roy Schwartz, Jesse Dodge, Noah A Smith, and Oren Etzioni. 2020. Green AI. Communications of the ACM , 63(12):54–63.",0.5155637583892617,0.1214349947743467,0.8817932277046979,0.1665752560570071,,
12,Paragraph,"Zejiang Shen, Ruochen Zhang, Melissa Dell, Ben- jamin Charles Germain Lee, Jacob Carlson, and Weining Li. 2021. LayoutParser: A uniﬁed",0.5155637583892617,0.1815098166270784,0.8848222601251676,0.2266500779097386,,
12,Bibliography,toolkit for deep learning based document image,0.5338674496644296,0.2297853510688837,0.8817919982956377,0.2427415268408551,,
12,Paragraph,"analysis. In Document Analysis and Recognition – ICDAR 2021 , pages 131–146, Cham. Springer International Publishing.",0.5311208053691275,0.2455788079572447,0.8821016060889264,0.2910170612826602,,
12,Bibliography,"Noah Siegel, Nicholas Lourie, Russell Power, and Waleed Ammar. 2018. Extracting scientiﬁc ﬁg- ures with distantly supervised neural networks. In Proceedings of the 18th ACM/IEEE on joint conference on digital libraries , pages 223–232. Peter WJ Staar, Michele Dolﬁ, Christoph Auer, and Costas Bekas. 2018. Corpus conversion ser- vice: A machine learning platform to ingest doc- uments at scale. In Proceedings of the 24th ACM SIGKDD International Conference on Knowl- edge Discovery & Data Mining , pages 774–782. Dominika Tkaczyk, Pawel Szostek, and Lukasz Bolikowski. 2014. GROTOAP2 — the method- ology of creating a large ground truth dataset of scientiﬁc articles. D-Lib Magazine , 20(11/12). Dominika Tkaczyk, Paweł Szostek, Mateusz Fe- doryszak, Piotr Jan Dendek, and Łukasz Bo- likowski. 2015. CERMINE: Automatic extrac- tion of structured metadata from scientiﬁc litera- ture. International Journal on Document Analy- sis and Recognition (IJDAR) , 18(4):317–335. Ashish Vaswani, Noam Shazeer, Niki Parmar, Jakob Uszkoreit, Llion Jones, Aidan N Gomez, Ł ukasz Kaiser, and Illia Polosukhin. 2017. At- tention is all you need. In Advances in Neu- ral Information Processing Systems , volume 30.",0.5155637583892617,0.3059516218527316,0.8849930554177852,0.7684006717339669,,
12,Paragraph,"Curran Associates, Inc.",0.5338674496644296,0.7715359448931116,0.704660758557047,0.7844921206650832,,
12,Paragraph,"Lucy Lu Wang, Isabel Cachola, Jonathan Bragg, Evie Yu-Yen Cheng, Chelsea Haupt, Matt Latzke, Bailey Kuehl, Madeleine van Zuylen, Linda Wagner, and Daniel S. Weld. 2021. Im- proving the accessibility of scientiﬁc docu- ments: Current state, user needs, and a sys- tem solution to enhance scientiﬁc PDF acces-",0.5155637583892617,0.7994278688836104,0.8848249111342282,0.9089339258907364,,
13,Paragraph,"sibility for blind and low vision users. CoRR , cs.DL/2105.00076v1.",0.1391090604026846,0.0771536298099762,0.489313457214765,0.1065004342042755,,
13,Paragraph,"Lucy Lu Wang, Kyle Lo, Yoganand Chandrasekhar, Russell Reas, Jiangjiang Yang, Darrin Eide, Kathryn Funk, Rodney Kinney, Ziyang Liu, William Merrill, Paul Mooney, Dewey A. Murdick, Devvret Rishi, Jerry Sheehan, Zhi- hong Shen, Brandon Stilson, Alex D. Wade, Kuansan Wang, Chris Wilhelm, Boya Xie, Dou- glas Raymond, Daniel S. Weld, Oren Etzioni, and Sebastian Kohlmeier. 2020. CORD-19: the covid-19 open research dataset. CoRR , cs.DL/2004.10706v4. Thomas Wolf, Lysandre Debut, Victor Sanh, Julien Chaumond, Clement Delangue, Anthony Moi, Pierric Cistac, Tim Rault, Remi Louf, Morgan Funtowicz, Joe Davison, Sam Shleifer, Patrick von Platen, Clara Ma, Yacine Jernite, Julien Plu, Canwen Xu, Teven Le Scao, Sylvain Gugger, Mariama Drame, Quentin Lhoest, and Alexan- der Rush. 2020. Transformers: State-of-the-art natural language processing. In Proceedings of the 2020 Conference on Empirical Methods in Natural Language Processing: System Demon- strations , pages 38–45, Online. Association for Computational Linguistics. Yang Xu, Yiheng Xu, Tengchao Lv, Lei Cui, Furu Wei, Guoxin Wang, Yijuan Lu, Dinei A. F. Florêncio, Cha Zhang, Wanxiang Che, Min Zhang, and Lidong Zhou. 2021. LayoutLMv2: Multi-modal pre-training for visually-rich docu- ment understanding. In Proceedings of the 59th Annual Meeting of the Association for Compu- tational Linguistics and the 11th International Joint Conference on Natural Language Process- ing, ACL/IJCNLP 2021, (Volume 1: Long Pa- pers), Virtual Event, August 1-6, 2021 , pages",0.1208053691275167,0.1220787002375296,0.4902326301107383,0.7070384389548694,,
13,Bibliography,"2579–2591. Association for Computational Lin- guistics. Yiheng Xu, Minghao Li, Lei Cui, Shaohan Huang, Furu Wei, and Ming Zhou. 2020. Layoutlm: Pre- training of text and layout for document image understanding. In KDD ’20: The 26th ACM SIGKDD Conference on Knowledge Discovery and Data Mining, Virtual Event, CA, USA, Au- gust 23-27, 2020 , pages 1192–1200. ACM. Liu Yang, Mingyang Zhang, Cheng Li, Michael Bendersky, and Marc Najork. 2020. Beyond 512 tokens: Siamese multi-depth transformer- based hierarchical encoder for long-form doc- ument matching. In Proceedings of the 29th ACM International Conference on Information & Knowledge Management , pages 1725–1734. Xingxing Zhang, Furu Wei, and Ming Zhou. 2019. HIBERT: Document level pre-training of hierar- chical bidirectional transformers for document summarization. In Proceedings of the 57th An- nual Meeting of the Association for Computa- tional Linguistics , pages 5059–5069, Florence, Italy. Association for Computational Linguistics. Xu Zhong, Jianbin Tang, and Antonio Jimeno Yepes. 2019. PubLayNet: Largest dataset ever for document layout analysis. In 2019 Interna- tional Conference on Document Analysis and Recognition (ICDAR) , pages 1015–1022. IEEE.",0.1208053691275167,0.0774516218527315,0.8849828581845641,0.9089339258907364,,
14,Paragraph,A Model Performance Breakdown,0.1208053691275167,0.0763781909738716,0.4290930684563759,0.0905767657957243,,
14,Paragraph,"In Table 7, 8, and 9, we present model accuracies on GROTOAP2, DocBank, and S2-VL of each category for the results reported in the main paper.",0.1208053691275167,0.1025133795724466,0.4900857256711411,0.1476536408551068,,
14,Section,B Improvements of the DocBank Dataset,0.1208053691275167,0.1621632266033253,0.4855192053691275,0.176361801425178,,
14,Paragraph,We implement several ﬁxes for the public version of the DocBank dataset to improve its accuracy and create faithful VILA structures.,0.1199446308724832,0.1882972275534441,0.4870353699721476,0.2334374888361045,,
14,Section,B.1 Dataset Artifacts,0.1208053691275167,0.2472908573634204,0.2976938630872482,0.2602470331353919,,
14,Paragraph,"As the DocBank dataset is automatically generated via parsing LaTeX source from arXiv, it will in- evitably include noise. Moreover, the authors only release the document screenshots and token infor- mation parsed using PDFMiner 12 instead of the source PDF ﬁles, which causes additional issues when using the dataset. We identify some major error categories during the course of our project, detailed as follows:",0.1201459731543624,0.2683162299287411,0.490068062828859,0.4100063724465558,,
14,Section,Incorrect PDF Parsing,0.1208053691275167,0.4221103347980997,0.3088409132550335,0.4350665105700712,,
14,Paragraph,"The PDFMiner soft- ware does not work perfectly when parsing CID fonts, 13 which are often used for rendering special symbols in PDFs. For example, the software may incorrectly parse 25 ◦ C as 25(cid:176) C . In- cluding such (cid:*) tokens in the input text is not reasonable, because they break the natural ﬂow of the text and most pre-trained language model to- kenizers cannot appropriately encode such tokens.",0.1201459731543624,0.4222010280285035,0.4900725468926175,0.5638911705463183,,
14,Section,Erroneous Label Generation,0.1208053691275167,0.5759951328978622,0.350317457885906,0.5889513086698338,,
14,Paragraph,"Token labels in DocBank are extracted by parsing latex commands. For example, it will label all text in the command \abstract{*} as “abstract”. Though theoreti- cally this approach may work well for “standard” documents, we ﬁnd the resulting label quality is far from ideal when processing real-world docu- ments at scale. One major issue is that it cannot appropriately handle user-created macros, which are often used for compiling complex math equa- tions. It leads to very low (label) accuracy in the “equation” category in the dataset – in fact, we man- ually inspected 10 pages, and found 60% of the math equation tokens are wrongly labeled as other classes. This approach also fails to appropriately label some document texts that are passively gener- ated with the LaTeX commands, e.g., the ""Figure",0.1183708053691275,0.576085826128266,0.4902834073489934,0.846508747743468,,
14,Footnote,"12 https://github.com/euske/pdfminer (last accessed Jan. 1, 2022). 13 https://en.wikipedia.org/wiki/ PostScript_fonts (last accessed Jan. 1, 2022).",0.1208053691275167,0.856773826128266,0.4870267510335571,0.9084355610451306,,
14,Paragraph,"*"" produced by the \caption command is treated as “paragraph”.",0.51373322147651,0.0765576457244654,0.8817915739496645,0.1065004342042755,,
14,Paragraph,"Lack of VILA Structures As the DocBank dataset generating method solely operates on the document tex sources, it does not include visual layout information. The missing VILA structures leads to low label accuracy for layout-sensitive cat- egories like ﬁgure and tables – for example, when a ﬁgure contains selectable text (i.e., it is not stored in a format like PNG or JPG, but instead contains text tokens returned by the PDF parser), the method cannot recognize such tokens and thus it assigns incorrect labels (other than “ﬁgure”). Though the authors tried to create layout group structures by applying connected component analysis method to PDF tokens, 14 we observed different types of errors in the generated groups, e.g., mis-identifying para- graph breaks (combining multiple paragraph blocks into one) or overlapping layout groups (caused by incorrect token labels), and chose not to use them.",0.5155637583892617,0.1246388383610452,0.8848278061944631,0.4112439021377672,,
14,Section,B.2 Fixes and Enhancement,0.5155637583892617,0.4311329001187649,0.7469245369127517,0.4440890758907364,,
14,Paragraph,"Based on the aforementioned issues, we imple- ment the following ﬁxes and enhance the DocBank dataset with VILA structures.",0.5155637583892617,0.4556190802850355,0.8848177573758389,0.5007581539192398,,
14,Paragraph,"Remove Incorrect PDF Tokens Provided that there are no simple ways to recover the incorrect (cid:*) tokens generated by PDFMiner, we sim- ply remove them from the input text.",0.5144647651006711,0.5188977457244656,0.8848192769765101,0.58021896152019,,
14,Section,Generate VILA Structures,0.5155637583892617,0.5983585533254157,0.7246487404362416,0.6113147290973872,,
14,Paragraph,"We use pre-trained Faster-RCNN models (Ren et al., 2015) from the LayoutParser (Shen et al., 2021) tool to identify both the text lines and blocks based on the page images. Speciﬁcally, for text blocks, we use the PubLayNet/mask_rcnn_R_50_FPN_3x/",0.5155637583892617,0.5984492465558194,0.8824280055369128,0.690969878503563,,
14,Paragraph,"model to detect the body content regions (including title, paragraph, ﬁgure, table, and list) and the MFD/faster_rcnn_R_50_FPN_3x/ model to detect the display math equation regions. We also ﬁne-tune a Fast RCNN model on the GRO- TOAP2 dataset (which has text line annotation), and use it to detect the text lines. All other regions (or texts that are not covered by the detected blocks or lines) are created by the connected component analysis method.",0.5149597315436242,0.6949991277909738,0.884817757375839,0.852780719239905,,
14,Footnote,"14 The algorithm iteratively selects and groups adjacent to- kens with the same category, and ultimately produces a list of token collections that approximate the layout groups.",0.5155637583892617,0.8700149187648456,0.8842847530953022,0.9084355610451306,,
15,Paragraph,Abstract Acknowledgment Afﬁliation Author Author Title Bib Info Body Content Conﬂict Statement BERT BASE 97.42 95.83,0.1239622834228187,0.082999796526038,0.8786433343274364,0.1252575027106127,,
15,Table,96.12 96.91 96.09 95.00 98.80,0.5244476919961947,0.1154896717973587,0.8004529702005235,0.1244289148329882,,
15,Paragraph,88.66 BERT BASE + I-VILA (Text Line),0.1239622834228188,0.1154896717973587,0.865491962776698,0.139135367983772,,
15,Table,97.65 95.89 96.61 97.17 96.48 95.78 98.93,0.3478020939412416,0.1293675370705179,0.8004482244102215,0.1383067801061473,,
15,Paragraph,88.28 BERT BASE + I-VILA (Text Block),0.1239622834228188,0.1293675370705179,0.8654998459169935,0.1530140526868598,,
15,Table,97.67 96.46 96.80 97.23 97.73 96.29 98.99,0.3478020939412417,0.1432462217736058,0.8004482244102215,0.1521854648092352,,
15,Paragraph,91.88 LayoutLM BASE,0.1239622834228187,0.1432462217736058,0.8654998459169935,0.1678867058935106,,
15,Table,98.05 96.29 96.64 97.49 96.51 96.74 99.06,0.3478068397315436,0.1570615123455154,0.8004509350500536,0.1660633300823943,,
15,Paragraph,91.16 LayoutLM BASE + Sentence Breaks,0.1239622834228187,0.1571240870467649,0.8655025565568255,0.1817645711666698,,
15,Table,97.92 96.32 96.68 96.74 95.42 96.77 99.11 90.42,0.3478033799757449,0.1710027717498528,0.8655011319514968,0.1799420147854822,,
15,Paragraph,LayoutLM BASE + I-VILA (Text Line),0.1239622834228187,0.1848180623217625,0.3134387544531745,0.1956432558697577,,
15,Table,97.99 96.41 96.72 97.29 95.98 96.66 99.11 90.75 LayoutLM BASE + I-VILA (Text Block) 98.12 96.81 96.93 96.96 97.52 96.87 99.14 91.43 Simple Group Classiﬁer 96.10 95.53 97.10 97.48 97.94 96.68 98.94,0.1239622834228187,0.184880637023012,0.8654998265842215,0.2215764300348883,,
15,Paragraph,93.25,0.8370810918120806,0.2125746122980094,0.8654961856560404,0.2215138553336388,,
15,Table,H-VILA (Text Line) 98.47 95.88 96.21 97.46 95.26 96.68 99.16 89.67 H-VILA (Text Block),0.1239622834228187,0.2264524775711686,0.8654961856560404,0.2493329800111353,,
15,Paragraph,98.01,0.3478103559807113,0.2403937369755059,0.3762254498246711,0.2493329800111353,,
15,Table,96.45 96.14 97.38,0.4363012726761007,0.2403937369755059,0.613396766442255,0.2493329800111353,,
15,Paragraph,96.31,0.6430747533459463,0.2403937369755059,0.671489847189906,0.2493329800111353,,
15,Table,96.33 99.08,0.708075859130329,0.2403937369755059,0.800443857519094,0.2493329800111353,,
15,Paragraph,91.67 # Tokens in Class 395788 88531 90775 26742 7083 223739 7567934 22289 contd. Copyright Correspondence Dates Editor Equation Figure,0.1239622834228187,0.2403937369755059,0.8670738176300544,0.3041336973288884,,
15,Figure,Glossary Keywords,0.762383385893443,0.2951944542932589,0.8784306291521746,0.3041336973288884,,
15,Paragraph,BERT BASE 97.34 89.66 94.56,0.1239622834228187,0.3138056448614916,0.5528627858401544,0.3235734757747457,,
15,Table,99.71 17.60 94.05 80.18 93.42 BERT BASE + I-VILA (Text Line) 97.38 89.57 94.60 99.93 25.00 94.84 81.35 94.34 BERT BASE + I-VILA (Text Block) 97.85 91.29 94.99 99.95 29.46 95.52 80.45 95.40 LayoutLM BASE 97.63 89.99 94.80 99.90 30.78 95.52 83.83 94.95 LayoutLM BASE + Sentence Breaks 97.62 90.07 94.73 99.95 20.73 95.83 84.99 93.88 LayoutLM BASE + I-VILA (Text Line) 97.47 90.97 95.20 99.93 26.42 95.67 84.16 94.82 LayoutLM BASE + I-VILA (Text Block) 97.66 91.04 95.13 100.00 39.28 95.74 87.00 96.23 Simple Group Classiﬁer 97.56 92.11 95.47 100.00 33.17 95.77 80.35 95.64 H-VILA (Text Line) 97.78 89.96 94.98 99.91 15.60 95.63 84.01 93.69 H-VILA (Text Block) 97.98 90.37 94.92 100.00 30.64 95.86 78.29 96.15 # Tokens in Class 57419 26653 23702 2937 761 581554 2807 7012 contd. Page Number,0.1239622834228187,0.3138056448614916,0.8655025565568255,0.5163275356661806,,
15,Section,References,0.4211729722818792,0.4999085362410023,0.4798469838370067,0.5088477792766318,,
15,Table,Table Title Type Unknown Macro F1 BERT BASE 98.32 99.60 94.11 97.60 87.62 88.60 90.78 BERT BASE + I-VILA (Text Line) 98.82 99.60 94.53 97.77 93.70 88.14 91.65 BERT BASE + I-VILA (Text Block) 98.92 99.64 94.31 98.19 93.09 88.81 92.31 LayoutLM BASE 98.94 99.62 95.30 97.91 91.24 89.19 92.34 LayoutLM BASE + Sentence Breaks 98.90 99.61 95.63 98.13 91.68 89.14 91.83 LayoutLM BASE + I-VILA (Text Line) 99.05 99.63 95.61 97.80 94.59 89.86 92.37 LayoutLM BASE + I-VILA (Text Block) 99.05 99.65 95.73 98.39 95.17 90.47 93.38,0.1239622834228187,0.4999085362410023,0.8776582976524432,0.6200317519742709,,
15,Paragraph,Simple Group Classiﬁer,0.1239622834228187,0.6231478178306128,0.2460461555070671,0.6320870608662423,,
15,Table,99.02 99.61 93.94 98.18 94.91 89.60 92.65 H-VILA (Text Line) 98.96 99.63 96.02 97.76 93.61 90.00 91.65 H-VILA (Text Block) 99.16 99.68 95.00 98.36 95.07 89.23 92.37,0.1239622834228187,0.6231478178306128,0.8654978691121346,0.6598436108424894,,
15,Paragraph,# Tokens in Class,0.1239622834228187,0.6694529836738433,0.2129836152032953,0.6783922267094727,,
15,Table,46884 2340796 558103 22110 4543 54639,0.3462314619355705,0.6694529836738433,0.7380692915784763,0.6783922267094727,,
15,Paragraph,—,0.8449731890847515,0.6694529836738433,0.857602119682067,0.6783922267094727,,
15,Caption,Table 7: Prediction F1 breakdown for all models on the GROTOAP2 dataset.,0.2441828859060402,0.6947094080760094,0.7584101741610737,0.706541474584323,Table,0.0
15,Table,Abstract Author Caption Date Figure Footer List Paragraph Reference Section Table Title Macro F1 BERT BASE 97.82 89.96 93.91 87.33 71.97 84.76 75.99 96.84 92.05 92.81 74.19 89.31 87.24 BERT BASE + I-VILA (TextLine) 97.99 90.67 95.74 88.12 88.85 88.29 80.20 97.85 92.68 94.91 77.39 90.34 90.25 BERT BASE + I-VILA (TextBlock) 98.15 90.66 96.56 87.83 79.49 88.40 80.72 97.51 92.62 94.86 76.91 90.22 89.49 LayoutLM BASE 98.63 92.25 96.88 87.13 76.56 94.26 89.67 97.72 93.16 96.31 77.38 92.80 91.06 LayoutLM BASE +SentenceBreaks 98.48 92.70 96.93 88.06 77.65 94.35 90.46 97.81 92.61 96.58 78.84 92.81 91.44 LayoutLM BASE + I-VILA (TextLine) 98.57 92.64 97.35 87.87 90.78 94.37 90.77 98.44 92.87 96.60 80.43 92.78 92.79 LayoutLM BASE + I-VILA (TextBlock) 98.68 92.31 97.44 87.69 83.41 94.03 90.56 98.13 93.27 96.44 79.51 92.48 92.00 LayoutLMv2 BASE 98.68 93.04 97.49 89.55 85.60 95.30 93.63 98.46 94.30 96.48 84.41 93.10 93.34 SimpleGroupClassiﬁer 93.85 84.68 96.55 71.04 80.63 91.58 83.84 97.53 92.54 85.33 73.85 92.65 87.01 H-VILA (TextLine) 98.68 90.95 95.46 80.99 88.79 93.84 90.77 98.36 93.81 95.27 78.46 89.81 91.27 H-VILA (TextBlock) 98.57 86.81 95.76 70.33 80.29 91.23 79.82 97.53 92.97 86.70 79.84 93.52 87.78 # Tokens in Class 461898 81061 858862 3275 932150 158176 684786 20630188 1813594 154062 235801 26355 —,0.1234565987919463,0.7234527798063373,0.8791465315235972,0.878719621096513,,
15,Caption,Table 8: Prediction F1 breakdown for all models on the DocBank dataset.,0.2551476510067114,0.8943067952494062,0.7474438466442953,0.9061388617577196,,
16,Table,Abstract,0.3209087793624161,0.0800425720727909,0.3637559370939765,0.0881933022509381,,
16,Paragraph,Author,0.3939366413171476,0.0800425720727909,0.4291839269436744,0.0881933022509381,,
16,Table,Bibliography Caption Equation,0.4539180561582381,0.0800425720727909,0.6555679960117953,0.0881933022509381,,
16,Paragraph,Figure,0.6887425892460403,0.0800425720727909,0.7211571952697818,0.0881933022509381,,
16,Table,Footer Footnote BERT BASE 91.67(5.51) 71.38(18.79) 97.90(1.59) 94.64(1.38) 76.23(4.36) 60.14(24.13) 61.99(17.04) 62.91(7.23) BERT BASE + I-VILA (Text Line) 89.38(6.50) 65.93(15.48) 97.92(1.56) 96.66(1.39) 83.22(5.87) 72.11(13.35) 57.75(22.46) 72.78(12.45) BERT BASE + I-VILA (Text Block) 90.45(3.61) 64.97(16.11) 97.21(1.27) 96.82(0.94) 83.56(5.59) 70.57(11.56) 59.79(23.18) 80.17(10.48) LayoutLM BASE 91.87(4.89) 69.39(11.30) 98.08(1.13) 92.98(7.35) 77.49(7.13) 74.46(18.48) 67.42(18.90) 77.22(17.59) LayoutLM BASE + Sentence Breaks 92.01(4.79) 69.22(11.02) 98.57(1.24) 95.74(1.36) 77.94(9.68) 67.80(25.61) 69.67(20.06) 78.57(16.45) LayoutLM BASE + I-VILA (Text Line) 91.77(5.85) 69.81(7.86) 98.09(1.64) 94.06(2.91) 84.48(7.00) 71.57(21.49) 67.23(23.01) 77.10(15.64) LayoutLM BASE + I-VILA (Text Block) 92.91(4.02) 70.42(13.38) 98.19(1.57) 97.19(1.16) 83.76(6.61) 68.38(26.11) 68.03(19.11) 76.77(17.64) LayoutLMv2 BASE 91.09(6.46) 63.42(17.55) 97.74(2.00) 96.73(1.39) 77.18(13.70) 83.71(11.53) 64.37(22.24) 70.20(12.43) H-VILA (Text Line) 93.90(5.16) 70.86(9.78) 97.71(1.26) 92.86(3.89) 81.38(7.79) 77.86(10.65) 65.95(23.44) 81.76(15.03) H-VILA (Text Block) 93.40(6.14) 67.03(19.43) 96.11(3.38) 92.76(6.47) 86.87(8.64) 79.64(11.21) 63.72(22.01) 83.66(9.88) # Tokens in Class 2854(432) 543(118) 15681(3704) 4046(2119) 2552(1872) 1402(1316) 480(205) 2468(1254) contd. Header Keywords List Paragraph Section Table Title Macro F1 BERT BASE 76.47(8.51) 90.16(6.44) 51.00(16.90) 96.07(1.37) 79.72(3.46) 79.93(16.26) 84.81(8.52) 78.34(6.53) BERT BASE + I-VILA (Text Line) 81.53(7.94) 87.06(5.57) 58.64(8.10) 96.67(1.13) 87.21(3.25) 85.58(15.67) 84.80(5.84) 81.15(4.83) BERT BASE + I-VILA (Text Block) 83.99(8.74) 87.86(7.51) 62.01(13.25) 96.65(1.21) 86.71(3.23) 80.44(16.35) 86.14(5.23) 81.82(4.88) LayoutLM BASE 88.21(5.81) 88.14(5.94) 58.21(15.15) 96.88(0.87) 88.14(2.73) 82.02(15.58) 89.90(8.17) 82.69(6.04) LayoutLM BASE + Sentence Breaks 88.08(5.71) 88.80(3.23) 60.61(11.80) 97.01(0.85) 88.05(2.79) 81.59(16.22) 88.52(5.92) 82.81(5.21) LayoutLM BASE + I-VILA (Text Line) 87.14(6.49) 86.66(6.24) 65.82(10.92) 97.17(1.26) 89.79(2.48) 86.00(12.33) 89.89(7.47) 83.77(5.75) LayoutLM BASE + I-VILA (Text Block) 88.39(6.20) 90.92(3.97) 59.06(17.99) 97.17(1.14) 88.67(3.57) 81.84(15.77) 89.95(6.32) 83.44(6.48) LayoutLMv2 BASE 86.95(6.84) 89.71(7.95) 68.36(10.05) 96.65(0.71) 89.48(4.13) 81.69(15.05) 88.46(6.00) 83.05(4.51) H-VILA (Text Line) 87.89(6.45) 86.34(5.02) 65.76(10.26) 96.90(0.75) 85.45(2.02) 85.19(7.55) 85.62(6.00) 83.69(2.92) H-VILA (Text Block) 86.49(6.08) 76.97(18.82) 55.82(16.99) 96.43(1.40) 86.72(4.55) 81.38(14.94) 84.39(9.10) 82.09(5.89) # Tokens in Class 1122(463) 130(27) 2274(593) 95732(8226) 882(113) 3887(2041) 240(26) —,0.1236838182885905,0.0800425720727909,0.8789114948433223,0.4194326555807126,,
16,Caption,"Table 9: Prediction F1 breakdown for all models on the S2-VL dataset. Similar to the results in the main paper, we show averaged scores with standard deviation in parentheses across the 5-fold cross validation subsets.",0.1202869127516778,0.4353495505938242,0.881780531675839,0.4613811420427552,Table,3.0
16,Section,Correct Label Errors,0.1208053691275167,0.4878181732779096,0.2940147874161073,0.5007743490498812,,
16,Paragraph,"Given the VILA struc- tures, we can easily correct some previously men- tioned errors like incorrect labels for “Figure *” by applying majority voting for token labels in a text block. However, for the “equation” category, given the low accuracy of the original DocBank labels, neither majority voting nor other automatic methods can easily recover the correct token cate- gories. Hence, we choose to discard this category in the modeling phase, i.e., converting all exist- ing “equation” labels to the background category",0.1208053691275167,0.4879088665083135,0.4902834073489934,0.6617819068883609,,
16,Paragraph,"“paragraph”.Weupdate our methods for several rounds to co- ordinate the ﬁxes and enhancements, and ultimately we can reduce more than 90% of the label errors for ﬁgure and table captions. By using the accurate pre-trained layout detection models, the generated VILA structures are more than 95% accurate. 15",0.1183708053691275,0.664917180047506,0.4900674370654363,0.7744232370546318,,
16,Footnote,"15 We randomly sample 30 pages from both the training and test dataset, and annotate the number of the incorrect text blocks for each page. A text block is considered as incorrect when it wrongly merges multiple regions (e.g., two paragraphs or one paragraph and the adjacent section header) or splits regions (e.g., generating multiple blocks for one paragraph). We report the average of page block accuracy.",0.1200989932885906,0.8179531610451306,0.4896574898255035,0.9084355610451306,,
